{
    "Compounds": {
        "Ag2HgGeTe4": {
            "Ag": 2.0,
            "Ge": 1.0,
            "Hg": 1.0,
            "Te": 4.0,
            "band_gap": 0.19830000000000014,
            "dft_Ag": 2.0,
            "dft_Ge": 1.0,
            "dft_Hg": 1.0,
            "dft_Te": 4.0,
            "elements_list": [
                "Ag",
                "Hg",
                "Ge",
                "Te"
            ],
            "enthalpy": -1.5692881700000019,
            "formula_units": 1.0,
            "mu0": -28.71255,
            "number_species": 4,
            "total_energy": -28.71255,
            "vbm": 3.4863
        },
        "Ag2Te": {
            "Ag": 2.0,
            "Te": 1.0,
            "band_gap": 0.8246000000000002,
            "dft_Ag": 8.0,
            "dft_Te": 4.0,
            "elements_list": [
                "Ag",
                "Te"
            ],
            "enthalpy": -0.49104900000000073,
            "formula_units": 4.0,
            "mu0": -10.1574825,
            "number_species": 2,
            "total_energy": -40.62993,
            "vbm": 6.5339
        },
        "Ag3Hg": {
            "Ag": 3.0,
            "Hg": 1.0,
            "band_gap": 0.05900000000000016,
            "dft_Ag": 6.0,
            "dft_Hg": 2.0,
            "elements_list": [
                "Ag",
                "Hg"
            ],
            "enthalpy": -0.09477292000000073,
            "formula_units": 2.0,
            "mu0": -8.8369365,
            "number_species": 2,
            "total_energy": -17.673873,
            "vbm": 6.7555
        },
        "Ag7Te4": {
            "Ag": 7.0,
            "Te": 4.0,
            "band_gap": 0.0052000000000003155,
            "dft_Ag": 35.0,
            "dft_Te": 20.0,
            "elements_list": [
                "Ag",
                "Te"
            ],
            "enthalpy": 1.6841752499999973,
            "formula_units": 5.0,
            "mu0": -34.134284,
            "number_species": 2,
            "total_energy": -170.67142,
            "vbm": 6.0572
        },
        "AgGaTe2": {
            "Ag": 1.0,
            "Ga": 1.0,
            "Te": 2.0,
            "band_gap": 1.1299000000000001,
            "dft_Ag": 2.0,
            "dft_Ga": 2.0,
            "dft_Te": 4.0,
            "elements_list": [
                "Ag",
                "Ga",
                "Te"
            ],
            "enthalpy": -1.6158089999999996,
            "formula_units": 2.0,
            "mu0": -15.745133,
            "number_species": 3,
            "total_energy": -31.490266,
            "vbm": 3.7916
        },
        "AgTe": {
            "Ag": 1.0,
            "Te": 1.0,
            "band_gap": 0.8046000000000006,
            "dft_Ag": 16.0,
            "dft_Te": 16.0,
            "elements_list": [
                "Ag",
                "Te"
            ],
            "enthalpy": -0.2713250000000005,
            "formula_units": 16.0,
            "mu0": -7.09048375,
            "number_species": 2,
            "total_energy": -113.44774,
            "vbm": 5.7334
        },
        "Cu2GeTe3": {
            "Cu": 2.0,
            "Ge": 1.0,
            "Te": 3.0,
            "band_gap": 0.024299999999999322,
            "dft_Cu": 2.0,
            "dft_Ge": 1.0,
            "dft_Te": 3.0,
            "elements_list": [
                "Cu",
                "Ge",
                "Te"
            ],
            "enthalpy": -1.190353,
            "formula_units": 1.0,
            "mu0": -25.759413,
            "number_species": 3,
            "total_energy": -25.759413,
            "vbm": 4.9553
        },
        "Cu2HgGeTe4": {
            "Cu": 2.0,
            "Ge": 1.0,
            "Hg": 1.0,
            "Te": 4.0,
            "band_gap": 0.3810000000000002,
            "dft_Cu": 2.0,
            "dft_Ge": 1.0,
            "dft_Hg": 1.0,
            "dft_Te": 4.0,
            "elements_list": [
                "Cu",
                "Hg",
                "Ge",
                "Te"
            ],
            "enthalpy": -1.8901886700000023,
            "formula_units": 1.0,
            "mu0": -30.631472,
            "number_species": 4,
            "total_energy": -30.631472,
            "vbm": 4.0489
        },
        "CuGaTe2": {
            "Cu": 1.0,
            "Ga": 1.0,
            "Te": 2.0,
            "band_gap": 1.2442000000000002,
            "dft_Cu": 2.0,
            "dft_Ga": 2.0,
            "dft_Te": 4.0,
            "elements_list": [
                "Cu",
                "Ga",
                "Te"
            ],
            "enthalpy": -1.7144717500000004,
            "formula_units": 2.0,
            "mu0": -16.6428065,
            "number_species": 3,
            "total_energy": -33.285613,
            "vbm": 4.3713
        },
        "CuTe": {
            "Cu": 1.0,
            "Te": 1.0,
            "band_gap": 0.014100000000000001,
            "dft_Cu": 2.0,
            "dft_Te": 2.0,
            "elements_list": [
                "Cu",
                "Te"
            ],
            "enthalpy": -0.32114049999999983,
            "formula_units": 2.0,
            "mu0": -7.93931,
            "number_species": 2,
            "total_energy": -15.87862,
            "vbm": 5.9939
        },
        "Ga2Te5": {
            "Ga": 2.0,
            "Te": 5.0,
            "band_gap": 1.7932000000000001,
            "dft_Ga": 2.0,
            "dft_Te": 5.0,
            "elements_list": [
                "Ga",
                "Te"
            ],
            "enthalpy": -2.161730500000001,
            "formula_units": 1.0,
            "mu0": -28.697713,
            "number_species": 2,
            "total_energy": -28.697713,
            "vbm": 3.9888
        },
        "GaTe": {
            "Ga": 1.0,
            "Te": 1.0,
            "band_gap": 1.7915,
            "dft_Ga": 6.0,
            "dft_Te": 6.0,
            "elements_list": [
                "Ga",
                "Te"
            ],
            "enthalpy": -0.9138535833333346,
            "formula_units": 6.0,
            "mu0": -8.224018833333334,
            "number_species": 2,
            "total_energy": -49.344113,
            "vbm": 3.0763
        },
        "GeTe": {
            "Ge": 1.0,
            "Te": 1.0,
            "band_gap": 0.7798000000000007,
            "dft_Ge": 3.0,
            "dft_Te": 3.0,
            "elements_list": [
                "Ge",
                "Te"
            ],
            "enthalpy": -0.10995333333333468,
            "formula_units": 3.0,
            "mu0": -9.442674333333335,
            "number_species": 2,
            "total_energy": -28.328023,
            "vbm": 5.8332
        },
        "Hg2GeTe4": {
            "Ge": 1.0,
            "Hg": 2.0,
            "Te": 4.0,
            "band_gap": 0.7749999999999999,
            "dft_Ge": 1.0,
            "dft_Hg": 2.0,
            "dft_Te": 4.0,
            "elements_list": [
                "Hg",
                "Ge",
                "Te"
            ],
            "enthalpy": -1.4096583400000018,
            "formula_units": 1.0,
            "mu0": -23.05871,
            "number_species": 3,
            "total_energy": -23.05871,
            "vbm": 3.2403
        },
        "HgTe": {
            "Hg": 1.0,
            "Te": 1.0,
            "band_gap": 1.0133999999999999,
            "dft_Hg": 1.0,
            "dft_Te": 1.0,
            "elements_list": [
                "Hg",
                "Te"
            ],
            "enthalpy": -0.5906486699999998,
            "formula_units": 1.0,
            "mu0": -4.762872,
            "number_species": 2,
            "total_energy": -4.762872,
            "vbm": 2.1932
        }
    },
    "Elements": {
        "Ag": {
            "Ag": 1.0,
            "dft_Ag": 4.0,
            "elements_list": [
                "Ag"
            ],
            "enthalpy": 0.0,
            "formula_units": 4.0,
            "mu0": -2.84727475,
            "number_species": 1,